team,lat,lon,highest_div,col1,col2,founded,dissolved,ground,short_name,three_letter_name,nicknames,,SOURCE
Royal Engineers,51.385539,0.534062,NA,NA,NA,NA,NA,NA,NA,NA,Sappers,,https://web.archive.org/web/20090907202058/http://www.the-football-club.com/football-nicknames.html
Oxford University,51.7459,-1.2431,NA,NA,NA,NA,NA,NA,NA,NA,Blues,,
Clapham Rovers,51.4578,-0.1494,NA,NA,NA,1869,NA,NA,NA,NA,Rovers,,
Old Harrovians,51.573653,-0.347518,NA,NA,NA,NA,NA,NA,NA,NA,NA,,
Old Foresters,51.587875,0.013522,NA,NA,NA,NA,NA,NA,NA,NA,NA,,
Swifts,51.51,-0.59,NA,NA,NA,NA,NA,NA,NA,NA,NA,,
Church,53.75337,-2.36384,NA,NA,NA,NA,NA,NA,NA,NA,NA,,
Redcar,54.61856,-1.06856,NA,NA,NA,NA,NA,NA,NA,NA,NA,,
Brentwood,51.634,0.3006,NA,NA,NA,NA,NA,NA,NA,NA,The Blues,,
South Shore,53.804722,-3.048056,NA,NA,NA,NA,NA,NA,NA,NA,NA,,
Chirk,52.941105,-3.0584,NA,NA,NA,NA,NA,NA,NA,NA,NA,,
Glasgow Rangers,55.853206,-4.309258,NA,NA,NA,NA,NA,NA,NA,NA,The Gers,,
AFC Bournemouth,50.735278,-1.838333,1,#F70001,#000000,NA,NA,NA,Bournemouth,NA,The Cherries,,
New Brighton,53.431661,-3.067386,3,#802131,#FFFFFF,NA,NA,NA,NA,NA,NA,,
Chester City,53.1892,-2.9238,NA,NA,NA,NA,NA,NA,NA,NA,"The Seals, The Blues",,
Lovells Athletic,51.599607,-2.994627,NA,NA,NA,1918,1969,Rexville,NA,NA,NA,,
Stafford Rangers,52.818542,-2.116858,NA,NA,NA,NA,NA,NA,NA,NA,NA,,
Farnborough Town,51.310451,-0.762269,NA,NA,NA,NA,NA,NA,NA,NA,"Boro, The Yellows",,
Stevenage Borough,51.889839,-0.193608,3,#FF0000,#FFFFFF,NA,NA,NA,NA,NA,The Boro,,
Crystal Palace 1861,51.4203,-0.0705,NA,NA,NA,NA,NA,NA,NA,NA,NA,,
Cambridge University,52.204,0.1057,NA,NA,NA,NA,NA,NA,NA,NA,NA,,
Barnes,51.473611,-0.230833,NA,NA,NA,NA,NA,NA,NA,NA,NA,,
Pilgrims,51.559673,-0.0557,NA,NA,NA,NA,NA,NA,NA,NA,NA,,
Old Salopians,51.477808,-0.255819,NA,NA,NA,NA,NA,NA,NA,NA,NA,,
Herts Rangers,51.655,-0.395694,NA,NA,NA,NA,NA,NA,NA,NA,NA,,
Panthers,50.935711,-2.301428,NA,NA,NA,NA,NA,NA,NA,NA,NA,,
Forest School,51.5861,0.0093,NA,NA,NA,NA,NA,NA,NA,NA,NA,,
Finchley,51.599,-0.187,NA,NA,NA,NA,NA,NA,NA,NA,NA,,
Birch,53.3388,-2.1357,NA,NA,NA,NA,NA,NA,NA,NA,NA,,
Mosquitos,51.4578,-0.1494,NA,NA,NA,NA,NA,NA,NA,NA,NA,,
Birmingham 1879,52.48,-1.9025,NA,NA,NA,NA,NA,NA,NA,NA,NA,,
Brigg,53.558011,-0.485086,NA,NA,NA,NA,NA,NA,NA,NA,NA,,
Reading Minster,51.460438,-0.960756,NA,NA,NA,NA,NA,NA,NA,NA,NA,,
Reading Abbey,51.460438,-0.960756,NA,NA,NA,NA,NA,NA,NA,NA,NA,,
Blackburn Park Road,53.74674,-2.47958,NA,NA,NA,NA,NA,NA,NA,NA,NA,,
Sheffield Providence,53.383333,-1.466667,NA,NA,NA,NA,NA,NA,NA,NA,NA,,
Astley Bridge,53.599174,-2.434018,NA,NA,NA,NA,NA,NA,NA,NA,NA,,
St Bart's Hospital,51.517889,-0.100366,NA,NA,NA,NA,NA,NA,NA,NA,NA,,
Sheffield Heeley,53.383333,-1.466667,NA,NA,NA,NA,NA,NA,NA,NA,NA,,
Calthorpe,52.48,-1.9025,NA,NA,NA,NA,NA,NA,NA,NA,NA,,
Lower Darwen,53.698,-2.461,NA,NA,NA,NA,NA,NA,NA,NA,NA,,
Darwen Ramblers,53.698,-2.461,NA,NA,NA,NA,NA,NA,NA,NA,NA,,
Rochester,51.375,0.5,NA,NA,NA,NA,NA,NA,NA,NA,NA,,
Padiham,53.802422,-2.321342,NA,NA,NA,NA,NA,NA,NA,NA,NA,,
Old Wykehamists,51.058329,-1.3121,NA,NA,NA,NA,NA,NA,NA,NA,NA,,
Notts Olympic,52.961216,-1.161809,NA,NA,NA,NA,NA,NA,NA,NA,NA,,
Old Brightonians,51.441965,-0.082634,NA,NA,NA,NA,NA,NA,NA,NA,NA,,
Hotspur,51.604444,-0.066389,NA,NA,NA,NA,NA,NA,NA,NA,NA,,
Aston Unity,52.504252,-1.87246,NA,NA,NA,NA,NA,NA,NA,NA,NA,,
Oswaldtwistle Rovers,53.743,-2.393,NA,NA,NA,NA,NA,NA,NA,NA,NA,,
Lincoln Lindum,53.230863,-0.539593,NA,NA,NA,NA,NA,NA,NA,NA,NA,,
Darwen Old Wanderers,53.698,-2.461,NA,NA,NA,NA,NA,NA,NA,NA,NA,,
Hartford St John's,53.241937,-2.553684,NA,NA,NA,NA,NA,NA,NA,NA,NA,,
Basford Rovers,52.987701,-1.189667,NA,NA,NA,NA,NA,NA,NA,NA,NA,,
Crosswell's Brewery,52.566725,-1.949168,NA,NA,NA,NA,NA,NA,NA,NA,NA,,
Goldenhill,53.077305,-2.221198,NA,NA,NA,NA,NA,NA,NA,NA,NA,,
Horncastle,53.204984,-0.116516,NA,NA,NA,NA,NA,NA,NA,NA,NA,,
Chester St Oswald's,53.194139,-2.887907,NA,NA,NA,NA,NA,NA,NA,NA,NA,,
Hanover United,51.476078,-0.266914,NA,NA,NA,NA,NA,NA,NA,NA,NA,,
Hyde,53.4506,-2.068114,NA,NA,NA,NA,NA,NA,NA,NA,NA,,
New Brompton,51.38425,0.560753,NA,NA,NA,NA,NA,NA,NA,NA,NA,,
Leeds City,53.777778,-1.572222,2,#003366,#D88201,NA,NA,NA,NA,NA,NA,,
Sutton Junction,53.126288,-1.263807,NA,NA,NA,NA,NA,NA,NA,NA,NA,,
Barry Town,51.410833,-3.265278,NA,NA,NA,NA,NA,NA,NA,NA,NA,,
Thames,51.514431,0.034739,3,#0000EE,#FF0000,NA,NA,NA,NA,NA,NA,,
Netherfield,54.3204,-2.736522,NA,NA,NA,NA,NA,NA,NA,NA,NA,,
Wellington Town,50.9755,-3.2243,NA,NA,NA,NA,NA,NA,NA,NA,NA,,
Marine,53.485447,-3.033654,NA,NA,NA,NA,NA,NA,NA,NA,NA,,
Margate,51.379722,1.374167,NA,NA,NA,NA,NA,NA,NA,NA,NA,,
Gravesend & Northfleet,51.44943,0.322369,NA,NA,NA,NA,NA,NA,NA,NA,NA,,
Frickley Colliery,53.588356,-1.292733,NA,NA,NA,NA,NA,NA,NA,NA,NA,,
Hayes,51.515072,-0.422233,NA,NA,NA,NA,NA,NA,NA,NA,NA,,
Leytonstone/Ilford,51.56279,0.005898,NA,NA,NA,NA,NA,NA,NA,NA,NA,,
Barking,51.547608,0.111453,NA,NA,NA,NA,NA,NA,NA,NA,NA,,
VS Rugby,52.373,-1.235955,NA,NA,NA,NA,NA,NA,NA,NA,NA,,
Leigh RMI,53.597192,-2.543397,NA,NA,NA,NA,NA,NA,NA,NA,NA,,
Nuneaton Borough AFC,52.520672,-1.442533,NA,NA,NA,NA,NA,NA,NA,NA,The Boro,,
United of Manchester,53.5167,-2.1804,NA,NA,NA,NA,NA,NA,NA,NA,NA,,
Nuneaton Town,52.520672,-1.442533,NA,NA,NA,NA,NA,NA,NA,NA,NA,,
AFC Fylde,53.797321,-2.889988,NA,NA,NA,NA,NA,NA,NA,NA,The Coasters,,
High Wycombe,51.630556,-0.800278,NA,NA,NA,NA,NA,NA,NA,NA,NA,,
Hurst,53.501281,-2.079719,NA,NA,NA,NA,NA,NA,NA,NA,NA,,
Luton Wanderers,51.884167,-0.431667,NA,NA,NA,NA,NA,NA,NA,NA,NA,,
Chatham,51.368733,0.52165,NA,NA,NA,NA,NA,NA,NA,NA,NA,,
Higher Walton,53.743,-2.644,NA,NA,NA,NA,NA,NA,NA,NA,NA,,
Rawtenstall,53.699,-2.291,NA,NA,NA,NA,NA,NA,NA,NA,NA,,
Watford Rovers,51.650126,-0.401396,NA,NA,NA,NA,NA,NA,NA,NA,NA,,
Glastonbury,51.1485,-2.714,NA,NA,NA,NA,NA,NA,NA,NA,NA,,
Horden CW,54.527,-1.5526,NA,NA,NA,NA,NA,NA,NA,NA,NA,,
Ashford Town (Kent),51.1178,0.8615,NA,NA,NA,NA,NA,NA,NA,NA,NA,,
AP Leamington,52.244275,-1.502864,NA,NA,NA,NA,NA,NA,NA,NA,NA,,
Ton Pentre,51.6461,-3.4868,NA,NA,NA,NA,NA,NA,NA,NA,NA,,
AFC Hornchurch,51.556547,0.238317,NA,NA,NA,NA,NA,NA,NA,NA,NA,,
AFC Telford United,52.697272,-2.501336,NA,NA,NA,NA,NA,NA,NA,NA,NA,,
Guiseley AFC,53.877178,-1.719431,NA,NA,NA,NA,NA,NA,NA,NA,NA,,
Aberdare Athletic,51.7127,-3.4374,3,#0000EE,#003366,NA,NA,NA,NA,NA,NA,,
Accrington Stanley,53.7653556,-2.3709111,3,#FF0000,#FFFFFF,NA,NA,NA,NA,NA,Stanley,,
Accrington,53.7653556,-2.3709111,4,#FF0000,#003366,NA,NA,NA,NA,NA,NA,,
AFC Wimbledon,51.405083,-0.281944,3,#0000FF,#FFEF00,NA,NA,NA,NA,NA,"The Dons, The Wombles",,
Aldershot,51.2483861,-0.7547889,3,#FF0000,#0000FF,NA,NA,NA,NA,NA,NA,,
Aldershot Town,51.2483861,-0.7547889,NA,NA,NA,NA,NA,NA,NA,NA,Shots,,
Altrincham,53.3834361,-2.3351583,NA,NA,NA,NA,NA,NA,NA,NA,NA,,
Arsenal,51.555,-0.10861,1,#FF0000,#FFFFFF,1886,NA,Emirates Stadium,Arsenal,NA,The Gunners,,
Ashford Town,51.451974,-0.462198,NA,NA,NA,NA,NA,NA,NA,NA,NA,,
Ashington,55.1852,-1.5505,3,#000000,#FFFFFF,NA,NA,NA,NA,NA,NA,,
Ashton United,53.5012806,-2.0797194,NA,NA,NA,NA,NA,NA,NA,NA,NA,,
Aston Villa,52.50917,-1.88472,1,#99172B,#99CCFF,1874,NA,Villa Park,Villa,NA,"The Villans, The Claret & Blue Army, The Lions",,
Bangor City,53.2254528,-4.1501389,NA,NA,NA,NA,NA,NA,NA,NA,NA,,
Barnet,51.602599,-0.291785,3,#F79400,#000000,1888,NA,The Hive Stadium,NA,NA,The Bees,,
Barnsley,53.55222,-1.4675,1,#FF0000,#FFFFFF,1887,NA,Oakwell,Barnsley,NA,"The Tykes, The Colliers",,
Barrow AFC,54.12333,-3.235,NA,NA,NA,NA,NA,NA,NA,NA,NA,,
Bath City,51.3787,-2.3951,NA,NA,NA,NA,NA,NA,NA,NA,NA,,
Bedford Town,52.1287667,-0.413875,NA,NA,NA,NA,NA,NA,NA,NA,NA,,
Belper Town,53.02717194,-1.487325,NA,NA,NA,NA,NA,NA,NA,NA,NA,,
Billingham Synthonia,54.5958694,-1.3238361,NA,NA,NA,NA,NA,NA,NA,NA,NA,,
Bilston,52.566435,-2.0656255,NA,NA,NA,NA,NA,NA,NA,NA,NA,,
Birmingham City,52.4757028,-1.8681889,1,#0000CC,#FFFFFF,1875,NA,St Andrew’s,Birmingham,NA,Blues,,
Birmingham Excelsior,52.48,-1.9025,NA,NA,NA,NA,NA,NA,NA,NA,NA,,
Birmingham St George's,52.48,-1.9025,NA,NA,NA,NA,NA,NA,NA,NA,NA,,
Bishop's Stortford,51.87260583,0.192013833,NA,NA,NA,NA,NA,NA,NA,NA,NA,,
Bishop Auckland,54.63801889,-1.69270806,NA,NA,NA,NA,NA,NA,NA,NA,NA,,
Blackburn Olympic,53.759062,-2.487243,NA,NA,NA,NA,NA,NA,NA,NA,NA,,
Blackburn Rovers,53.7285694,-2.4892056,1,#0066FF,#FFFFFF,1875,NA,Ewood Park,Blackburn,NA,"Rovers, The Blue and Whites, The Riversiders",,
Blackpool,53.8048194,-3.0481389,1,#FD8E08,#FFFFFF,1887,NA,Bloomfield Road,NA,NA,"The Seasiders, The Pool, The Tangerines",,
Blyth Spartans,55.1208528,-1.5111972,NA,NA,NA,NA,NA,NA,NA,NA,NA,,
Bolton Wanderers,53.58056,-2.53556,1,#FFFFFF,#00285B,1874,NA,University of Bolton Stadium,Bolton,NA,"The Trotters, The Wanderers, The Whites",,
Bootle,53.4713389,-2.9605861,2,#0000FF,#FFFFFF,NA,NA,NA,NA,NA,NA,,
Boreham Wood,51.66194,-0.27222,NA,NA,NA,1948,NA,Meadow Park,NA,NA,The Wood,,
Boston United,52.9767861,-0.0191167,4,#FFCC00,#000000,NA,NA,NA,NA,NA,NA,,
Bradford Park Avenue,53.7588556,-1.7762028,1,#FF0000,#FF9900,NA,NA,NA,Bradford,NA,NA,,
Bradford City,53.80417,-1.75889,1,#9A1A2B,#F8C500,1903,NA,Valley Parade,Bradford,NA,"The Bantams, The Paraders, The Citizens",,
Braintree Town,51.8753222,0.5729556,NA,NA,NA,NA,NA,NA,NA,NA,NA,,
Brentford,51.4881833,-0.3026389,1,#FF0000,#FFFFFF,1889,NA,Brentford Community Stadium,Brentford,NA,The Bees,,
Brentwood Town,51.634,0.3006,NA,NA,NA,1954,NA,Brentwood Centre Arena,Brentwood,NA,The Blues,,
Brighton & Hove Albion,50.8618222,-0.0832778,1,#0000F7,#FFFFFF,1901,NA,Falmer Stadium,Brighton,NA,"The Seagulls, Albion",,
Bristol City,51.44,-2.62028,1,#FF0000,#FFFFFF,1894,NA,Ashton Gate,Bristol City,NA,The Robins,,
Bristol Rovers,51.48622,-2.583134,2,#0000FF,#FFFFFF,1883,NA,Memorial Stadium,NA,NA,"The Gas, The Pirates",,
Bromley,51.3900694,0.021075,NA,NA,NA,1892,NA,Hayes Lane,NA,NA,"The Ravens, The Lilywhites",,
Burnley,53.78917,-2.23028,1,#99172B,#99CCFF,1882,NA,Turf Moor,Burnley,NA,The Clarets,,
Burscough,53.6045806,-2.8453,NA,NA,NA,NA,NA,NA,NA,NA,NA,,
Burton Albion,52.8219056,-1.6269583,2,#FDFA00,#000000,1950,NA,Pirelli Stadium,NA,NA,Brewers,,
Burton Swifts,52.799,-1.6354,2,#663300,#8AC5FF,NA,NA,NA,NA,NA,NA,,
Burton Wanderers,52.8146,-1.6335,2,#012248,#FFFFFF,NA,NA,NA,NA,NA,NA,,
Bury,53.5805056,-2.2948222,1,#FFFFFF,#0000FF,1885,NA,Gigg Lane,Bury,NA,The Shakers,,
Cambridge City,52.3304194,-0.0821639,NA,NA,NA,NA,NA,NA,NA,NA,NA,,
Cambridge United,52.2121,0.15415,2,#F9D403,#000000,1912,NA,Abbey Stadium,NA,NA,"United, The U’s",,
Cardiff City,51.47278,-3.20306,1,#0000FF,#FFFFFF,1899,NA,Cardiff City Stadium,Cardiff,NA,The Bluebirds,,
Carlisle United,54.89556,-2.91365,1,#0000FF,#FFFFFF,NA,NA,NA,Carlisle,NA,NA,,
Carshalton Athletic,51.3696972,-0.1718083,NA,NA,NA,NA,NA,NA,NA,NA,NA,,
Casuals,51.372138,-0.287179,NA,NA,NA,NA,NA,NA,NA,NA,NA,,
Charlton Athletic,51.48639,0.03639,1,#FF0000,#FFFFFF,1905,NA,The Valley,Charlton,NA,"The Addicks, Red Robins",,
Chasetown,52.67009694,-1.94078889,NA,NA,NA,NA,NA,NA,NA,NA,NA,,
Chelmsford City,51.7532222,0.4514472,NA,NA,NA,NA,NA,NA,NA,NA,NA,,
Chelsea,51.48167,-0.19111,1,#0000CC,#FFFFFF,1905,NA,Stamford Bridge,Chelsea,NA,"The Blues, The Pensioners",,
Cheltenham,51.9061583,-2.0602111,3,#FF0000,#FFFFFF,NA,NA,NA,NA,NA,NA,,
Chesterfield,53.253575,-1.4257694,2,#0000FF,#FFFFFF,NA,NA,NA,NA,NA,NA,,
Chorley,53.64555,-2.6292056,NA,NA,NA,NA,NA,NA,NA,NA,NA,,
Clapton,51.54222,0.02139,NA,NA,NA,NA,NA,NA,NA,NA,NA,,
Cleethorpes Town,53.555379,-0.055572734,NA,NA,NA,NA,NA,NA,NA,NA,NA,,
Clitheroe,53.87165306,-2.38543889,NA,NA,NA,NA,NA,NA,NA,NA,NA,,
Colchester United,51.923394,0.897703,2,#1919FF,#FFFFFF,NA,NA,NA,NA,NA,NA,,
Colwyn Bay,53.2822667,-3.6996389,NA,NA,NA,NA,NA,NA,NA,NA,NA,,
Corinthian,51.4875,-0.21167,NA,NA,NA,NA,NA,NA,NA,NA,NA,,
Coventry City,52.4757028,-1.8681889,1,#A4D1FF,#003366,1883,NA,St Andrew’s,Coventry,NA,The Sky Blues,,
Cowlairs,55.860916,-4.251433,NA,NA,NA,NA,NA,NA,NA,NA,NA,,
Crawley Town,51.0997056,-0.1947667,3,#FF0000,#FFFFFF,NA,NA,NA,NA,NA,NA,,
Crewe Alexandra,53.08722,-2.43556,2,#FF0000,#FFFFFF,1877,NA,Gresty Road,Crewe,NA,"The Railwaymen, The Alex",,
Crook Town,54.7145889,-1.7511528,NA,NA,NA,NA,NA,NA,NA,NA,NA,,
Crusaders,54.6242944,-5.921925,NA,NA,NA,NA,NA,NA,NA,NA,NA,,
Crystal Palace,51.39833,-0.08556,1,#0000FF,#FF0000,1905,NA,Selhurst Park,Palace,NA,"The Eagles, The Glaziers",,
Dagenham & Redbridge,51.5478,0.1598667,NA,NA,NA,NA,NA,NA,NA,NA,NA,,
Dagenham,51.5478,0.1598667,NA,NA,NA,NA,NA,NA,NA,NA,NA,,
Darlington,54.50944,-1.56417,2,#FFFFFF,#000000,NA,NA,NA,NA,NA,NA,,
Dartford,51.4371722,0.2308,NA,NA,NA,NA,NA,NA,NA,NA,NA,,
Darwen,53.711772,-2.477292,1,#000000,#FFFFFF,NA,NA,NA,Darwen,NA,NA,,
Davenham,53.235816,-2.511127,NA,NA,NA,NA,NA,NA,NA,NA,NA,,
Derby County,52.915,-1.44722,1,#FFFFFF,#000000,1884,NA,Pride Park Stadium,Derby,NA,The Rams,,
Derby Junction,52.91432,-1.47471,NA,NA,NA,NA,NA,NA,NA,NA,NA,,
Derby Midland,52.915,-1.447222,NA,NA,NA,NA,NA,NA,NA,NA,NA,,
Derby St Luke's,52.917,-1.467,NA,NA,NA,NA,NA,NA,NA,NA,NA,,
Doncaster Rovers,53.50972,-1.11389,2,#FF0000,#FFFFFF,NA,NA,NA,NA,NA,NA,,
Dorchester Town,50.7005361,-2.4456194,NA,NA,NA,NA,NA,NA,NA,NA,NA,,
Dover,51.138,1.285,NA,NA,NA,NA,NA,NA,NA,NA,NA,,
Droylsden,53.4818583,-2.1449,NA,NA,NA,NA,NA,NA,NA,NA,NA,,
Druids,52.986,-3.039,NA,NA,NA,NA,NA,NA,NA,NA,NA,,
Eagley,53.6160611,-2.4342472,NA,NA,NA,NA,NA,NA,NA,NA,NA,,
Eastwood Town,53.01472,-1.29778,NA,NA,NA,NA,NA,NA,NA,NA,NA,,
Emley,53.612629,-1.631915,NA,NA,NA,NA,NA,NA,NA,NA,NA,,
Enfield,51.659334,-0.06385,NA,NA,NA,NA,NA,NA,NA,NA,NA,,
Everton,53.43889,-2.96639,1,#0000CC,#FFFFFF,NA,NA,NA,Everton,NA,NA,,
Exeter City,50.7307139,-3.52115,3,#FF0000,#FFFFFF,NA,NA,NA,NA,NA,NA,,
Fleetwood Town,53.9165,-3.0247,3,#FF0000,#FFFFFF,NA,NA,NA,NA,NA,NA,,
Folkestone,51.08655611,1.15945306,NA,NA,NA,NA,NA,NA,NA,NA,NA,,
Forest Green Rovers,51.698975,-2.2378917,4,#CCFF00,#000000,NA,NA,NA,NA,NA,NA,,
Formby,53.6045806,-2.8453,NA,NA,NA,NA,NA,NA,NA,NA,NA,,
Frickley Athletic,53.5883556,-1.2927333,NA,NA,NA,NA,NA,NA,NA,NA,NA,,
Fulham,51.475,-0.22167,1,#FFFFFF,#000000,1879,NA,Craven Cottage,Fulham,NA,"The Cottagers, The Whites, The Lilywhites",,
Gainsborough Trinity,53.4033972,-0.774525,2,#0066FF,#003366,NA,NA,NA,NA,NA,NA,,
Gateshead,54.96111,-1.57972,3,#FFFFFF,#000000,NA,NA,NA,NA,NA,NA,,
Gateshead United,54.9898,-1.4158,NA,NA,NA,NA,NA,NA,NA,NA,NA,,
Gillingham,51.38425,0.5607528,2,#0000FF,#FFFFFF,NA,NA,NA,NA,NA,NA,,
Glossop,53.4455083,-1.9579528,NA,NA,NA,NA,NA,NA,NA,NA,NA,,
Goole Town,53.699217,-0.869171,NA,NA,NA,NA,NA,NA,NA,NA,NA,,
Gorleston,52.5659278,1.7082944,NA,NA,NA,NA,NA,NA,NA,NA,NA,,
Grantham,52.90593111,-0.66484389,NA,NA,NA,NA,NA,NA,NA,NA,NA,,
Great Bridge Unity,52.5304,-2.0353,NA,NA,NA,NA,NA,NA,NA,NA,NA,,
Gretna,54.994,-3.062,NA,NA,NA,NA,NA,NA,NA,NA,NA,,
Grimsby Town,53.570225,-0.0464972,1,#000000,#FFFFFF,NA,NA,NA,Grimsby,NA,NA,,
Guildford City,51.24844,-0.56288,NA,NA,NA,NA,NA,NA,NA,NA,NA,,
Halesowen Town,52.4538417,-2.0577111,NA,NA,NA,NA,NA,NA,NA,NA,NA,,
Halifax Town,53.71611,-1.85917,3,#0000FF,#FFFFFF,NA,NA,NA,NA,NA,NA,,
Halliwell,53.59,-2.447,NA,NA,NA,NA,NA,NA,NA,NA,NA,,
Hampstead Heathens,51.560278,-0.160833,NA,NA,NA,NA,NA,NA,NA,NA,NA,,
Harlow Town,51.77103889,0.06782194,NA,NA,NA,NA,NA,NA,NA,NA,NA,,
Harrow Borough,51.5584,-0.3723,NA,NA,NA,NA,NA,NA,NA,NA,NA,,
Harrow Chequers,51.48361,-0.115,NA,NA,NA,NA,NA,NA,NA,NA,NA,,
Hartlepool United,54.689139,-1.2127444,3,#0000FF,#FFFFFF,NA,NA,NA,NA,NA,NA,,
Harwich & Parkeston,51.9350167,1.2734333,NA,NA,NA,NA,NA,NA,NA,NA,NA,,
Hastings United,50.8758944,0.5874306,NA,NA,NA,NA,NA,NA,NA,NA,NA,,
Havant & Waterlooville,50.8670778,-0.9741389,NA,NA,NA,NA,NA,NA,NA,NA,NA,,
Heart of Midlothian,55.93917,-3.23222,NA,NA,NA,NA,NA,NA,NA,NA,NA,,
Hednesford Town,52.6976,-1.9888306,NA,NA,NA,NA,NA,NA,NA,NA,NA,,
Hendon,51.57667,-0.25417,NA,NA,NA,NA,NA,NA,NA,NA,NA,,
Hereford United,52.0607194,-2.7177111,2,#FFFFFF,#000000,NA,NA,NA,NA,NA,NA,,
Hinckley United,52.559117,-1.3404,NA,NA,NA,NA,NA,NA,NA,NA,NA,,
Hitchin Town,51.9545306,-0.2841361,NA,NA,NA,NA,NA,NA,NA,NA,NA,,
Hitchin,51.9545306,-0.2841361,NA,NA,NA,NA,NA,NA,NA,NA,NA,,
Horsham,51.0469444,-0.3407222,NA,NA,NA,NA,NA,NA,NA,NA,NA,,
Huddersfield Town,53.654176694,-1.768294583,1,#0099FF,#FFFFFF,1908,NA,Kirklees Stadium,Huddersfield,NA,The Terriers,,
Hull City,53.74611,-0.36778,1,#FDA31C,#000000,1904,NA,KCOM Stadium,Hull,NA,The Tigers,,
Ilford,51.559975,0.09108306,NA,NA,NA,NA,NA,NA,NA,NA,NA,,
Ipswich Town,52.0550611,1.1448306,1,#0000FF,#FFFFFF,1878,NA,Portman Road,Ipswich,NA,"The Blues, The Tractor Boys",,
Jarrow,54.960992,-1.4702287,NA,NA,NA,NA,NA,NA,NA,NA,NA,,
Kettering Town,52.36679889,-0.68933194,NA,NA,NA,NA,NA,NA,NA,NA,NA,,
Kidderminster Harriers,52.3804722,-2.2426528,4,#FF0000,#FFFFFF,NA,NA,NA,NA,NA,NA,,
King's Lynn,52.749611,0.408111,NA,NA,NA,NA,NA,NA,NA,NA,NA,,
Kingstonian,51.37213806,-0.28717889,NA,NA,NA,NA,NA,NA,NA,NA,NA,,
Leatherhead,51.29200611,-0.33245611,NA,NA,NA,NA,NA,NA,NA,NA,NA,,
Leeds United,53.77778,-1.57222,1,#FFFFFF,#0000CC,1919,NA,Elland Road,Leeds,NA,"The Whites, The Peacocks",,
Leek,53.1097056,-2.0397417,NA,NA,NA,NA,NA,NA,NA,NA,NA,,
Leicester City,52.62028,-1.14222,1,#0000CC,#FFFFFF,1884,NA,King Power Stadium,Leicester,NA,The Foxes,,
Leyton,51.56015,-0.0126583,NA,NA,NA,NA,NA,NA,NA,NA,NA,,
Leyton Orient,51.56015,-0.0126583,1,#FF0000,#FFFFFF,1881,NA,Brisbane Road,Leyton Orient,NA,"The O’s, Orient",,
Leytonstone,51.569,0.01,NA,NA,NA,NA,NA,NA,NA,NA,NA,,
Lincoln City,53.2182889,-0.5408111,2,#FF0000,#FFFFFF,NA,NA,NA,NA,NA,NA,,
Liverpool,53.4308278,-2.9608472,1,#CD0206,#FFFFFF,1892,NA,Anfield,Liverpool,NA,The Reds,,
Llanelli,51.6839,-4.1476,NA,NA,NA,NA,NA,NA,NA,NA,NA,,
Lockwood Brothers,53.383333,-1.466667,NA,NA,NA,NA,NA,NA,NA,NA,NA,,
London Caledonians,51.557,-0.1173,NA,NA,NA,NA,NA,NA,NA,NA,NA,,
Long Eaton Rangers,52.898,-1.271,NA,NA,NA,NA,NA,NA,NA,NA,NA,,
Luton Town,51.88417,-0.43167,1,#FF8935,#003366,NA,NA,NA,Luton,NA,NA,,
Macclesfield,53.2427806,-2.1271361,3,#061FFF,#FFFFFF,NA,NA,NA,NA,NA,NA,,
Macclesfield Town,53.2427806,-2.1271361,NA,NA,NA,NA,NA,NA,NA,NA,NA,,
Maidenhead United,51.5198806,-0.7179889,NA,NA,NA,NA,NA,NA,NA,NA,NA,,
Maidstone United,51.28,0.51583,4,#FFC505,#000000,NA,NA,NA,NA,NA,NA,,
Manchester City,53.48306,-2.20028,1,#99CCFF,#FFFFFF,1880,NA,City of Manchester Stadium,Man City,NA,"City, The Citizens, The Sky Blues",,
Manchester United,53.46306,-2.29139,1,#FF0000,#000000,1878,NA,Old Trafford,Man United,NA,The Red Devils,,
Manchester,53.46306,-2.29139,NA,NA,NA,NA,NA,NA,NA,NA,NA,,
Mansfield Town,53.13806,-1.20056,2,#FFBE00,#0000F7,NA,NA,NA,NA,NA,NA,,
Marlow,51.6042667,-0.7121639,NA,NA,NA,NA,NA,NA,NA,NA,NA,,
Matlock,53.1370611,-1.5517694,NA,NA,NA,NA,NA,NA,NA,NA,NA,,
Merstham,51.25816694,-0.14661389,NA,NA,NA,NA,NA,NA,NA,NA,NA,,
Merthyr Town,51.75111,-3.37778,3,#FF0000,#339900,NA,NA,NA,NA,NA,NA,,
Merthyr Tydfil,51.75111,-3.37778,NA,NA,NA,NA,NA,NA,NA,NA,NA,,
Metropolitan Police,51.39041389,-0.35173306,NA,NA,NA,NA,NA,NA,NA,NA,NA,,
Mexborough,53.4992,-1.283,NA,NA,NA,NA,NA,NA,NA,NA,NA,,
Middlesbrough,54.57833,-1.21694,1,#FF0000,#FFFFFF,1876,NA,Riverside Stadium,Middlesbrough,NA,The Boro,,
Middlesbrough Ironopolis,54.5641,-1.2456,2,#CC0033,#FFFFFF,NA,NA,NA,NA,NA,NA,,
Millwall,51.4859528,-0.05095,1,#003366,#FFFFFF,1885,NA,The Den,Millwall,NA,The Lions,,
Milton Keynes Dons,52.00944,-0.73333,2,#FFFFFF,#D5BD8B,2004,NA,Stadium MK,NA,NA,The Dons,,
Minerva,51.453,-0.017,NA,NA,NA,NA,NA,NA,NA,NA,NA,,
Morecambe,54.0615,-2.8672,4,#FF0000,#000000,NA,NA,NA,NA,NA,NA,,
Newark Town,53.1455583,-0.7559778,NA,NA,NA,NA,NA,NA,NA,NA,NA,,
Newcastle Blue Star,54.967,-1.6,NA,NA,NA,NA,NA,NA,NA,NA,NA,,
Newcastle East End,54.9677,-1.5645,NA,NA,NA,NA,NA,NA,NA,NA,NA,,
Newcastle United,54.97556,-1.62167,1,#000000,#FFFFFF,1892,NA,St James’ Park,Newcastle,NA,The Magpies,,
Newport IOW,50.6942278,-1.2863833,NA,NA,NA,NA,NA,NA,NA,NA,NA,,
Newport County,51.58833,-2.98778,2,#FFBD00,#000000,NA,NA,NA,NA,NA,NA,,
Northampton Town,52.2351972,-0.93345,1,#99172B,#FFFFFF,NA,NA,NA,Northampton,NA,NA,,
Northfleet United,51.4495389,0.3222722,NA,NA,NA,NA,NA,NA,NA,NA,NA,,
Northwich Victoria,53.2704722,-2.4887167,2,#FF0000,#003366,NA,NA,NA,NA,NA,NA,,
Norwich City,52.6221278,1.3086528,1,#FEEB01,#339900,1902,NA,Carrow Road,Norwich,NA,"The Canaries, Yellows",,
Nottingham Forest,52.94,-1.13278,1,#FF3333,#FFFFFF,1865,NA,City Ground,Nottm Forest,NA,"Forest, The Reds, Tricky Trees",,
Notts County,52.9425,-1.13722,1,#000000,#FFFFFF,NA,NA,NA,Notts County,NA,NA,,
Notts Rangers,52.94975,-1.154946,NA,NA,NA,NA,NA,NA,NA,NA,NA,,
Nuneaton Borough,52.5206722,-1.4425333,NA,NA,NA,NA,NA,NA,NA,NA,NA,,
Old Carthusians,51.1947694,-0.6300611,NA,NA,NA,NA,NA,NA,NA,NA,NA,,
Old Etonians,51.494925,-0.5971139,NA,NA,NA,NA,NA,NA,NA,NA,NA,,
Old Westminsters,51.4760778,-0.2669139,NA,NA,NA,NA,NA,NA,NA,NA,NA,,
Oldham Athletic,53.55528,-2.12861,1,#0000FF,#FFFFFF,NA,NA,NA,Oldham,NA,NA,,
Oswestry Town,52.8758694,-3.0263056,NA,NA,NA,NA,NA,NA,NA,NA,NA,,
Oswestry,52.8758694,-3.0263056,NA,NA,NA,NA,NA,NA,NA,NA,NA,,
Oxford United,51.7165389,-1.2079583,1,#F4E108,#003366,NA,NA,NA,Oxford,NA,NA,,
Partick Thistle,55.8815556,-4.2696389,NA,NA,NA,NA,NA,NA,NA,NA,NA,,
Peterborough & Fletton United,52.5646972,-0.2404056,NA,NA,NA,NA,NA,NA,NA,NA,NA,,
Peterborough United,52.5646972,-0.2404056,2,#0000FF,#FFFFFF,NA,NA,NA,NA,NA,NA,,
Phoenix Bessemer,53.43,-1.357,NA,NA,NA,NA,NA,NA,NA,NA,NA,,
Plymouth Argyle,50.38806,-4.15083,2,#336600,#FFFFFF,NA,NA,NA,NA,NA,NA,,
Poole,50.7282639,-1.9843194,NA,NA,NA,NA,NA,NA,NA,NA,NA,,
Poole Town,50.7282639,-1.9843194,NA,NA,NA,NA,NA,NA,NA,NA,NA,,
Port Vale,53.049722,-2.1925,2,#FFFFFF,#000000,NA,NA,NA,NA,NA,NA,,
Portsmouth,50.79639,-1.06389,1,#0000FF,#EFEFEF,1898,NA,Fratton Park,Portsmouth,NA,Pompey,,
Preston North End,53.77222,-2.68806,1,#FFFFFF,#00285B,NA,NA,NA,Preston,NA,NA,,
Queens Park Rangers,51.50917,-0.23222,1,#FFFFFF,#0000FF,1882,NA,Kiyan Prince Foundation Stadium,QPR,NA,"The Superhoops, The Rs, Rangers",,
Reading,51.42222,-0.98278,1,#0000EF,#FFFFFF,1871,NA,Madejski Stadium,Reading,NA,The Royals,,
Reigate Priory,51.2376917,-0.2154889,NA,NA,NA,NA,NA,NA,NA,NA,NA,,
Renton,55.9657,-4.5824,NA,NA,NA,NA,NA,NA,NA,NA,NA,,
Ringmer,50.8918528,0.0583611,NA,NA,NA,NA,NA,NA,NA,NA,NA,,
Rochdale,53.62083,-2.18,3,#0C0DFF,#080808,NA,NA,NA,Rochdale,NA,NA,,
Romford,51.634,0.3006,NA,NA,NA,NA,NA,NA,NA,NA,NA,,
Rossendale,53.695742,-2.2557,NA,NA,NA,NA,NA,NA,NA,NA,NA,,
Rotherham Town,53.43,-1.357,2,#99CCFF,#663300,NA,NA,NA,NA,NA,NA,,
Rotherham United,53.4279,-1.362,2,#FF0000,#FFFFFF,NA,NA,NA,NA,NA,NA,,
Runcorn,53.3304,-2.7506,NA,NA,NA,NA,NA,NA,NA,NA,NA,,
Rushden & Diamonds,52.3280333,-0.5999917,3,#FFFFFF,#0000FF,NA,NA,NA,NA,NA,NA,,
Saffron Walden Town,52.0272861,0.2399972,NA,NA,NA,NA,NA,NA,NA,NA,NA,,
Salford City,53.51360611,-2.27676111,NA,NA,NA,NA,NA,NA,NA,NA,NA,,
Salisbury City,51.1043389,-1.7857583,NA,NA,NA,NA,NA,NA,NA,NA,NA,,
Scarborough,54.269611,-0.413722,4,#FF0000,#FFFFFF,NA,NA,NA,NA,NA,NA,,
Scunthorpe United,53.586725,-0.6952667,2,#99CCFF,#97162A,NA,NA,NA,NA,NA,NA,,
Sheffield,53.37028,-1.47083,NA,NA,NA,1857,NA,Home of Football Ground,NA,NA,The Club,,
Sheffield United,53.37028,-1.47083,1,#FF0000,#FFFFFF,1889,NA,Bramall Lane,Sheff Utd,NA,The Blades,,
Sheffield Wednesday,53.41139,-1.50056,1,#0018D5,#FFFFFF,1867,NA,Hillsborough Stadium,Sheff Wed,NA,The Owls,,
Shildon,54.63376889,-1.65072806,NA,NA,NA,NA,NA,NA,NA,NA,NA,,
Shrewsbury Town,52.68863,-2.74933,2,#0000FF,#FEBE00,NA,NA,NA,NA,NA,Shrews,,
Shropshire Wanderers,52.708,-2.754,NA,NA,NA,NA,NA,NA,NA,NA,NA,,
Skelmersdale United,53.55725,-2.80169,NA,NA,NA,NA,NA,NA,NA,NA,NA,,
Slough Town,51.519848,-0.588171,NA,NA,NA,NA,NA,NA,NA,NA,NA,,
South Bank,54.5682472,-1.1604111,NA,NA,NA,NA,NA,NA,NA,NA,NA,,
South Norwood,51.3995,-0.0747,NA,NA,NA,NA,NA,NA,NA,NA,NA,,
South Shields,54.974524,-1.470091833,2,#FFFFFF,#000000,NA,NA,NA,NA,NA,NA,,
Southall,51.5389806,-0.3547472,NA,NA,NA,NA,NA,NA,NA,NA,NA,,
Southampton,50.90583,-1.39111,1,#FF0000,#FFFFFF,1885,NA,St Mary’s Stadium,Southampton,NA,Saints,,
Southend United,51.5490167,0.7015583,2,#003366,#FFFFFF,NA,NA,NA,NA,NA,NA,,
Southport,53.6385056,-2.9791833,3,#FFCC00,#0000FF,NA,NA,NA,NA,NA,NA,,
Spilsby,53.1727,0.0931,NA,NA,NA,NA,NA,NA,NA,NA,NA,,
Stafford Road,52.583,-2.133,NA,NA,NA,NA,NA,NA,NA,NA,NA,,
Staveley,53.2637667,-1.3544583,NA,NA,NA,NA,NA,NA,NA,NA,NA,,
Stockport County,53.39972,-2.16639,2,#0000FF,#FFFFFF,NA,NA,NA,NA,NA,Hatters,,
Stoke City,52.98833,-2.17556,1,#FF0000,#FFFFFF,NA,NA,NA,Stoke,NA,Potters,,
Stourbridge,52.4625556,-2.1513583,NA,NA,NA,NA,NA,NA,NA,NA,NA,,
Sunderland AFC,54.9144,-1.3882,1,#FF0000,#FFFFFF,1879,NA,Stadium of Light,Sunderland,NA,"The Black Cats, Mackems, Wearsiders",,
Sunderland Albion,54.9002,-1.36807,NA,NA,NA,NA,NA,NA,NA,NA,NA,,
Sutton Coldfield Town,52.5567083,-1.8186583,NA,NA,NA,NA,NA,NA,NA,NA,NA,,
Sutton Town,53.1258139,-1.2893861,NA,NA,NA,NA,NA,NA,NA,NA,NA,,
Sutton United,51.3676028,-0.2043417,NA,NA,NA,NA,NA,NA,NA,NA,NA,,
Swansea City,51.6422,-3.9351,1,#FFFFFF,#000000,1912,NA,Liberty Stadium,Swansea,NA,"The Swans, The Jacks",,
Swindon Town,51.56444,-1.77056,1,#FF0000,#FFFFFF,NA,NA,NA,Swindon,NA,NA,,
Tamworth,52.628403,-1.688925,NA,NA,NA,NA,NA,NA,NA,NA,NA,,
Taunton Town,51.016725,-3.0851028,NA,NA,NA,NA,NA,NA,NA,NA,NA,,
Telford United,52.697272,-2.501336,NA,NA,NA,NA,NA,NA,NA,NA,NA,,
Third Lanark,55.8349,-4.2542,NA,NA,NA,NA,NA,NA,NA,NA,NA,,
Tooting & Mitcham United,51.3932306,-0.1723806,7,NA,NA,NA,NA,NA,NA,NA,"The Terrors, The Stripes",,
Torquay United,50.4764083,-3.523825,3,#FCE901,#000066,NA,NA,NA,NA,NA,NA,,
Tottenham Hotspur,51.60444,-0.06639,1,#FFFFFF,#003366,1882,NA,Tottenham Hotspur Stadium,Tottenham,NA,"Spurs, The Lilywhites",,
Tow Law Town,54.7471056,-1.8186222,NA,NA,NA,NA,NA,NA,NA,NA,NA,,
Tranmere Rovers,53.37361,-3.0325,2,#FFFFFF,#0000FF,NA,NA,NA,NA,NA,Rovers,,
Turton,53.6463083,-2.3972583,NA,NA,NA,NA,NA,NA,NA,NA,NA,,
Upton Park,51.53917,0.01778,NA,NA,NA,NA,NA,NA,NA,NA,NA,,
Walker Celtic,54.978,-1.55,NA,NA,NA,NA,NA,NA,NA,NA,NA,,
Walsall,52.5655,-1.9909,2,#FF0000,#F7F7F7,NA,NA,NA,NA,NA,Saddlers,,
Walthamstow Avenue,51.5914444,-0.0305028,NA,NA,NA,NA,NA,NA,NA,NA,NA,,
Walton & Hersham,51.39940306,-0.41225611,NA,NA,NA,NA,NA,NA,NA,NA,NA,,
Wanderers,51.567081,-0.021862,NA,NA,NA,NA,NA,NA,NA,NA,NA,,
Watford,51.6498361,-0.4014861,1,#FDEE00,#FF0000,1881,NA,Vicarage Road,Watford,NA,"The Hornets, Golden Boys, Yellow Army",,
Wealdstone,51.5694028,-0.4166389,NA,NA,NA,NA,NA,NA,NA,NA,NA,,
Wednesbury Old Athletic,52.5626,-2.0007,NA,NA,NA,NA,NA,NA,NA,NA,NA,,
Wednesbury Strollers,52.553982,-2.021832,NA,NA,NA,NA,NA,NA,NA,NA,NA,,
Welling United,51.4603167,0.1165139,NA,NA,NA,NA,NA,NA,NA,NA,NA,,
Wembley,51.5576111,-0.3158611,NA,NA,NA,NA,NA,NA,NA,NA,NA,,
West Bromwich Albion,52.50917,-1.96389,1,#003366,#FFFFFF,1878,NA,The Hawthorns,West Brom,NA,"The Baggies, The Throstles, The Albion",,
West Ham United,51.53861,-0.01639,1,#99182B,#99CCFF,1895,NA,London Stadium,West Ham,NA,"The Hammers, The Irons",,
Weymouth,50.6199056,-2.4852028,NA,NA,NA,1890,NA,Bob Lucas Stadium,NA,NA,The Terras,,
Whitburn,55.866,-3.68277,NA,NA,NA,NA,NA,NA,NA,NA,NA,,
Whitby Town,54.48997806,-0.62751389,NA,NA,NA,NA,NA,NA,NA,NA,NA,,
Wigan Athletic,53.54778,-2.65389,1,#0000FF,#FFFFFF,NA,NA,NA,Wigan,NA,Latics,,
Wimbledon,51.428472,-0.189667,1,#003366,#FDD712,1889,2004,Plough Lane,Wimbledon,NA,Wombles,,
Wisbech Town,52.677605,0.180974,NA,NA,NA,NA,NA,NA,NA,NA,NA,,
Witton,53.2704722,-2.4887167,NA,NA,NA,NA,NA,NA,NA,NA,NA,,
Woking,51.3063333,-0.5588111,NA,NA,NA,NA,NA,NA,NA,NA,NA,,
Wolverhampton Wanderers,52.59028,-2.13028,1,#EFBE29,#000000,1877,NA,Molineux Stadium,Wolves,NA,Wolves,,
Worcester City,52.339615,-2.056424,NA,NA,NA,NA,NA,NA,NA,NA,NA,,
Workington,54.6487139,-3.55105,3,#FF0000,#FFFFFF,NA,NA,NA,NA,NA,NA,,
Wrexham,53.05194,-3.00361,2,#FF0000,#FFFFFF,NA,NA,NA,NA,NA,NA,,
Wycombe Wanderers,51.63056,-0.80028,3,#9AC7F5,#002C92,NA,NA,NA,NA,NA,NA,,
Yeovil Town,50.9502611,-2.6738444,2,#339900,#FFFFFF,NA,NA,NA,NA,NA,Glovers,,
York City,53.9693167,-1.0883,2,#FF0000,#002255,NA,NA,NA,NA,NA,NA,,
Queens Park,55.825161,-4.251819,NA,NA,NA,1867,NA,Hampden Park,NA,NA,The Spiders,,
Accrington F.C.,53.759418,-2.344439,1,#FF0000,#003366,NA,NA,NA,Accrington,NA,NA,,
Loughborough,52.7743,-1.1992,2,#FFFFFF,#000000,NA,NA,NA,NA,NA,NA,,
Glossop North End,53.44593,-1.957901,1,#005EB8,#FFFFFF,NA,NA,NA,Glossop,NA,NA,,
New Brighton Tower,53.4359,-3.0377,2,#F78173,#003366,NA,NA,NA,NA,NA,NA,,
Burton United,52.799,-1.6354,2,#663300,#EFEFEF,NA,NA,NA,NA,NA,NA,,
Rotherham County,53.428367,-1.370231,2,#FFFFFF,#000000,NA,NA,NA,NA,NA,NA,,
Barrow,54.123333,-3.235,3,#0000FF,#FFFFFF,NA,NA,NA,NA,NA,NA,,
Durham City,54.70865,-1.690881,3,#0000FF,#FFCC00,NA,NA,NA,NA,NA,NA,,
Nelson,53.836572,-2.229103,2,#0000FF,#FFFFFF,NA,NA,NA,NA,NA,NA,,
Stalybridge Celtic,53.475278,-2.043889,3,#0000FF,#FFFFFF,NA,NA,NA,NA,NA,NA,,
Wigan Borough,53.554914,-2.650661,3,#FF9900,#000000,NA,NA,NA,NA,NA,NA,,
Chester,53.1892,-2.9238,3,#0000FF,#FFFFFF,NA,NA,NA,NA,NA,NA,,
Dagenham and Redbridge,51.5478,0.159867,3,#FF0000,#0000FF,NA,NA,NA,NA,NA,NA,,
